{
    "RPT": {
        "ScanTime": "0.15 sec.",
        "ScanFile": "011624_mondoroccodev24_db_ec5691d6fca2c9d79122_20240116225943_scan.json",
        "Warnings": 0,
        "Success": 6
    },
    "SRV": {
        "PHP": {
            "websrv": true,
            "openbase": true,
            "maxtime": true,
            "mysqli": true,
            "version": true
        },
        "SYS": {
            "managedHost": true,
            "ALL": "Good"
        },
        "WP": {
            "version": true,
            "core": true,
            "ismu": false,
            "ALL": "Good"
        }
    },
    "ARC": {
        "USize": 0,
        "Size": "0B",
        "DirCount": "0",
        "FileCount": "0",
        "UFullCount": 0,
        "FullCount": "0",
        "WarnFileCount": 0,
        "WarnDirCount": 0,
        "UnreadableDirCount": 0,
        "UnreadableFileCount": 0,
        "FilterDirsAll": [
            "\/usr\/www\/users\/dal76ver\/dev24.mondorocco.com\/.opcache",
            "\/usr\/www\/users\/dal76ver\/dev24.mondorocco.com\/wp-content\/ai1wm-backups",
            "\/usr\/www\/users\/dal76ver\/dev24.mondorocco.com\/wp-content\/backups-dup-lite",
            "\/usr\/www\/users\/dal76ver\/dev24.mondorocco.com\/wp-content\/backups-dup-pro",
            "\/usr\/www\/users\/dal76ver\/dev24.mondorocco.com\/wp-content\/backupwordpress",
            "\/usr\/www\/users\/dal76ver\/dev24.mondorocco.com\/wp-content\/bps-backup",
            "\/usr\/www\/users\/dal76ver\/dev24.mondorocco.com\/wp-content\/cache",
            "\/usr\/www\/users\/dal76ver\/dev24.mondorocco.com\/wp-content\/content\/cache",
            "\/usr\/www\/users\/dal76ver\/dev24.mondorocco.com\/wp-content\/contents\/cache",
            "\/usr\/www\/users\/dal76ver\/dev24.mondorocco.com\/wp-content\/infinitewp\/backups",
            "\/usr\/www\/users\/dal76ver\/dev24.mondorocco.com\/wp-content\/managewp\/backups",
            "\/usr\/www\/users\/dal76ver\/dev24.mondorocco.com\/wp-content\/old-cache",
            "\/usr\/www\/users\/dal76ver\/dev24.mondorocco.com\/wp-content\/plugins\/all-in-one-wp-migration\/storage",
            "\/usr\/www\/users\/dal76ver\/dev24.mondorocco.com\/wp-content\/updraft",
            "\/usr\/www\/users\/dal76ver\/dev24.mondorocco.com\/wp-content\/uploads\/aiowps_backups",
            "\/usr\/www\/users\/dal76ver\/dev24.mondorocco.com\/wp-content\/uploads\/backupbuddy_backups",
            "\/usr\/www\/users\/dal76ver\/dev24.mondorocco.com\/wp-content\/uploads\/backupbuddy_temp",
            "\/usr\/www\/users\/dal76ver\/dev24.mondorocco.com\/wp-content\/uploads\/ithemes-security\/backups",
            "\/usr\/www\/users\/dal76ver\/dev24.mondorocco.com\/wp-content\/uploads\/mainwp\/backup",
            "\/usr\/www\/users\/dal76ver\/dev24.mondorocco.com\/wp-content\/uploads\/pb_backupbuddy",
            "\/usr\/www\/users\/dal76ver\/dev24.mondorocco.com\/wp-content\/uploads\/snapshots",
            "\/usr\/www\/users\/dal76ver\/dev24.mondorocco.com\/wp-content\/uploads\/sucuri",
            "\/usr\/www\/users\/dal76ver\/dev24.mondorocco.com\/wp-content\/uploads\/wp-clone",
            "\/usr\/www\/users\/dal76ver\/dev24.mondorocco.com\/wp-content\/uploads\/wp_all_backup",
            "\/usr\/www\/users\/dal76ver\/dev24.mondorocco.com\/wp-content\/uploads\/wpbackitup_backups",
            "\/usr\/www\/users\/dal76ver\/dev24.mondorocco.com\/wp-content\/wfcache",
            "\/usr\/www\/users\/dal76ver\/dev24.mondorocco.com\/wp-content\/wishlist-backup",
            "\/usr\/www\/users\/dal76ver\/dev24.mondorocco.com\/wp-snapshots"
        ],
        "FilterFilesAll": [
            "error_log",
            "error.log",
            "debug_log",
            "ws_ftp.log",
            "dbcache",
            "pgcache",
            "objectcache",
            ".DS_Store",
            "\/usr\/www\/users\/dal76ver\/dev24.mondorocco.com\/.htaccess",
            "\/usr\/www\/users\/dal76ver\/dev24.mondorocco.com\/wp-config.php",
            "\/usr\/www\/users\/dal76ver\/dev24.mondorocco.com\/.htaccess",
            "\/usr\/www\/users\/dal76ver\/dev24.mondorocco.com\/web.config",
            "\/usr\/www\/users\/dal76ver\/dev24.mondorocco.com\/wp-config.php"
        ],
        "FilterExtsAll": [],
        "FilterInfo": {
            "Dirs": {
                "Warning": [],
                "Unreadable": [],
                "AddonSites": [],
                "Core": [
                    "\/usr\/www\/users\/dal76ver\/dev24.mondorocco.com\/wp-snapshots",
                    "\/usr\/www\/users\/dal76ver\/dev24.mondorocco.com\/wp-content\/backups-dup-lite",
                    "\/usr\/www\/users\/dal76ver\/dev24.mondorocco.com\/.opcache",
                    "\/usr\/www\/users\/dal76ver\/dev24.mondorocco.com\/wp-content\/backups-dup-pro",
                    "\/usr\/www\/users\/dal76ver\/dev24.mondorocco.com\/wp-content\/ai1wm-backups",
                    "\/usr\/www\/users\/dal76ver\/dev24.mondorocco.com\/wp-content\/backupwordpress",
                    "\/usr\/www\/users\/dal76ver\/dev24.mondorocco.com\/wp-content\/content\/cache",
                    "\/usr\/www\/users\/dal76ver\/dev24.mondorocco.com\/wp-content\/contents\/cache",
                    "\/usr\/www\/users\/dal76ver\/dev24.mondorocco.com\/wp-content\/infinitewp\/backups",
                    "\/usr\/www\/users\/dal76ver\/dev24.mondorocco.com\/wp-content\/managewp\/backups",
                    "\/usr\/www\/users\/dal76ver\/dev24.mondorocco.com\/wp-content\/old-cache",
                    "\/usr\/www\/users\/dal76ver\/dev24.mondorocco.com\/wp-content\/plugins\/all-in-one-wp-migration\/storage",
                    "\/usr\/www\/users\/dal76ver\/dev24.mondorocco.com\/wp-content\/updraft",
                    "\/usr\/www\/users\/dal76ver\/dev24.mondorocco.com\/wp-content\/wishlist-backup",
                    "\/usr\/www\/users\/dal76ver\/dev24.mondorocco.com\/wp-content\/wfcache",
                    "\/usr\/www\/users\/dal76ver\/dev24.mondorocco.com\/wp-content\/bps-backup",
                    "\/usr\/www\/users\/dal76ver\/dev24.mondorocco.com\/wp-content\/cache",
                    "\/usr\/www\/users\/dal76ver\/dev24.mondorocco.com\/wp-content\/uploads\/aiowps_backups",
                    "\/usr\/www\/users\/dal76ver\/dev24.mondorocco.com\/wp-content\/uploads\/backupbuddy_temp",
                    "\/usr\/www\/users\/dal76ver\/dev24.mondorocco.com\/wp-content\/uploads\/backupbuddy_backups",
                    "\/usr\/www\/users\/dal76ver\/dev24.mondorocco.com\/wp-content\/uploads\/ithemes-security\/backups",
                    "\/usr\/www\/users\/dal76ver\/dev24.mondorocco.com\/wp-content\/uploads\/mainwp\/backup",
                    "\/usr\/www\/users\/dal76ver\/dev24.mondorocco.com\/wp-content\/uploads\/pb_backupbuddy",
                    "\/usr\/www\/users\/dal76ver\/dev24.mondorocco.com\/wp-content\/uploads\/snapshots",
                    "\/usr\/www\/users\/dal76ver\/dev24.mondorocco.com\/wp-content\/uploads\/sucuri",
                    "\/usr\/www\/users\/dal76ver\/dev24.mondorocco.com\/wp-content\/uploads\/wp-clone",
                    "\/usr\/www\/users\/dal76ver\/dev24.mondorocco.com\/wp-content\/uploads\/wp_all_backup",
                    "\/usr\/www\/users\/dal76ver\/dev24.mondorocco.com\/wp-content\/uploads\/wpbackitup_backups"
                ],
                "Global": [],
                "Instance": []
            },
            "Files": {
                "Size": [],
                "Warning": [],
                "Unreadable": [],
                "AddonSites": [],
                "Core": [],
                "Global": [
                    "error_log",
                    "error.log",
                    "debug_log",
                    "ws_ftp.log",
                    "dbcache",
                    "pgcache",
                    "objectcache",
                    ".DS_Store",
                    "\/usr\/www\/users\/dal76ver\/dev24.mondorocco.com\/.htaccess",
                    "\/usr\/www\/users\/dal76ver\/dev24.mondorocco.com\/wp-config.php"
                ],
                "Instance": []
            },
            "Exts": {
                "Core": [],
                "Global": [],
                "Instance": []
            },
            "UDirCount": 0,
            "UFileCount": 0,
            "UExtCount": 0,
            "TreeSize": [],
            "TreeWarning": []
        },
        "RecursiveLinks": [],
        "UnreadableItems": [],
        "Status": {
            "Size": "Good",
            "Names": "Good",
            "UnreadableItems": "Good",
            "MigratePackage": "Good",
            "CanbeMigratePackage": true,
            "showCreateProcFuncStatus": "Good",
            "showCreateProcFunc": true,
            "AddonSites": "Good"
        },
        "Dirs": [],
        "Files": []
    },
    "DB": {
        "Status": {
            "Success": true,
            "DB_Case": "Good",
            "DB_Rows": "Good",
            "DB_Size": "Good",
            "TBL_Case": "Good",
            "TBL_Rows": "Good",
            "TBL_Size": "Good",
            "Triggers": "Good",
            "mysqlDumpMemoryCheck": true,
            "requiredMysqlDumpLimit": "58.27MB"
        },
        "Size": 8667136,
        "Rows": 8090,
        "TableCount": 37,
        "TableList": {
            "dal76ver_mondorocdev24_commentmeta": {
                "Case": 0,
                "Rows": "0",
                "Size": "48KB",
                "USize": "49152"
            },
            "dal76ver_mondorocdev24_comments": {
                "Case": 0,
                "Rows": "0",
                "Size": "96KB",
                "USize": "98304"
            },
            "dal76ver_mondorocdev24_duplicator_packages": {
                "Case": 0,
                "Rows": "0",
                "Size": "32KB",
                "USize": "32768"
            },
            "dal76ver_mondorocdev24_links": {
                "Case": 0,
                "Rows": "0",
                "Size": "32KB",
                "USize": "32768"
            },
            "dal76ver_mondorocdev24_options": {
                "Case": 0,
                "Rows": "195",
                "Size": "2.13MB",
                "USize": "2228224"
            },
            "dal76ver_mondorocdev24_postmeta": {
                "Case": 0,
                "Rows": "34",
                "Size": "48KB",
                "USize": "49152"
            },
            "dal76ver_mondorocdev24_posts": {
                "Case": 0,
                "Rows": "52",
                "Size": "384KB",
                "USize": "393216"
            },
            "dal76ver_mondorocdev24_term_relationships": {
                "Case": 0,
                "Rows": "9",
                "Size": "32KB",
                "USize": "32768"
            },
            "dal76ver_mondorocdev24_term_taxonomy": {
                "Case": 0,
                "Rows": "0",
                "Size": "48KB",
                "USize": "49152"
            },
            "dal76ver_mondorocdev24_termmeta": {
                "Case": 0,
                "Rows": "0",
                "Size": "48KB",
                "USize": "49152"
            },
            "dal76ver_mondorocdev24_terms": {
                "Case": 0,
                "Rows": "0",
                "Size": "48KB",
                "USize": "49152"
            },
            "dal76ver_mondorocdev24_usermeta": {
                "Case": 0,
                "Rows": "20",
                "Size": "48KB",
                "USize": "49152"
            },
            "dal76ver_mondorocdev24_users": {
                "Case": 0,
                "Rows": "0",
                "Size": "64KB",
                "USize": "65536"
            },
            "dal76ver_mondorocdev24_wfblockediplog": {
                "Case": 0,
                "Rows": "0",
                "Size": "16KB",
                "USize": "16384"
            },
            "dal76ver_mondorocdev24_wfblocks7": {
                "Case": 0,
                "Rows": "0",
                "Size": "64KB",
                "USize": "65536"
            },
            "dal76ver_mondorocdev24_wfconfig": {
                "Case": 0,
                "Rows": "255",
                "Size": "1.52MB",
                "USize": "1589248"
            },
            "dal76ver_mondorocdev24_wfcrawlers": {
                "Case": 0,
                "Rows": "0",
                "Size": "16KB",
                "USize": "16384"
            },
            "dal76ver_mondorocdev24_wffilechanges": {
                "Case": 0,
                "Rows": "0",
                "Size": "16KB",
                "USize": "16384"
            },
            "dal76ver_mondorocdev24_wffilemods": {
                "Case": 0,
                "Rows": "3,557",
                "Size": "1.52MB",
                "USize": "1589248"
            },
            "dal76ver_mondorocdev24_wfhits": {
                "Case": 0,
                "Rows": "0",
                "Size": "64KB",
                "USize": "65536"
            },
            "dal76ver_mondorocdev24_wfhoover": {
                "Case": 0,
                "Rows": "0",
                "Size": "32KB",
                "USize": "32768"
            },
            "dal76ver_mondorocdev24_wfissues": {
                "Case": 0,
                "Rows": "0",
                "Size": "80KB",
                "USize": "81920"
            },
            "dal76ver_mondorocdev24_wfknownfilelist": {
                "Case": 0,
                "Rows": "3,809",
                "Size": "1.52MB",
                "USize": "1589248"
            },
            "dal76ver_mondorocdev24_wflivetraffichuman": {
                "Case": 0,
                "Rows": "0",
                "Size": "32KB",
                "USize": "32768"
            },
            "dal76ver_mondorocdev24_wflocs": {
                "Case": 0,
                "Rows": "0",
                "Size": "16KB",
                "USize": "16384"
            },
            "dal76ver_mondorocdev24_wflogins": {
                "Case": 0,
                "Rows": "0",
                "Size": "48KB",
                "USize": "49152"
            },
            "dal76ver_mondorocdev24_wfls_2fa_secrets": {
                "Case": 0,
                "Rows": "0",
                "Size": "32KB",
                "USize": "32768"
            },
            "dal76ver_mondorocdev24_wfls_role_counts": {
                "Case": 0,
                "Rows": "0",
                "Size": "0B",
                "USize": "0"
            },
            "dal76ver_mondorocdev24_wfls_settings": {
                "Case": 0,
                "Rows": "28",
                "Size": "16KB",
                "USize": "16384"
            },
            "dal76ver_mondorocdev24_wfnotifications": {
                "Case": 0,
                "Rows": "2",
                "Size": "16KB",
                "USize": "16384"
            },
            "dal76ver_mondorocdev24_wfpendingissues": {
                "Case": 0,
                "Rows": "0",
                "Size": "80KB",
                "USize": "81920"
            },
            "dal76ver_mondorocdev24_wfreversecache": {
                "Case": 0,
                "Rows": "0",
                "Size": "16KB",
                "USize": "16384"
            },
            "dal76ver_mondorocdev24_wfsecurityevents": {
                "Case": 0,
                "Rows": "0",
                "Size": "16KB",
                "USize": "16384"
            },
            "dal76ver_mondorocdev24_wfsnipcache": {
                "Case": 0,
                "Rows": "0",
                "Size": "64KB",
                "USize": "65536"
            },
            "dal76ver_mondorocdev24_wfstatus": {
                "Case": 0,
                "Rows": "129",
                "Size": "48KB",
                "USize": "49152"
            },
            "dal76ver_mondorocdev24_wftrafficrates": {
                "Case": 0,
                "Rows": "0",
                "Size": "16KB",
                "USize": "16384"
            },
            "dal76ver_mondorocdev24_wfwaffailures": {
                "Case": 0,
                "Rows": "0",
                "Size": "16KB",
                "USize": "16384"
            }
        },
        "RawSize": 8667136,
        "EasySize": "8.27MB"
    },
    "LL": {
        "TotalSize": "8.27MB",
        "Status": {
            "TotalSize": "Good"
        }
    }
}